{
  "project_info": {
    "project_number": "332423980332",
    "project_id": "club-1111",
    "storage_bucket": "club-1111.firebasestorage.app"
  },
  "client": [
    {
      "client_info": {
        "mobilesdk_app_id": "1:332423980332:android:ca11283eb8a73b05ceb889",
        "android_client_info": {
          "package_name": "com.your.club1111"
        }
      },
      "oauth_client": [],
      "api_key": [
        {
          "current_key": "AIzaSyCO40eAcIwnt1ODM5wLHocyj7TvOyizZqE"
        }
      ],
      "services": {
        "appinvite_service": {
          "other_platform_oauth_client": []
        }
      }
    }
  ],
  "configuration_version": "1"
}