{
  "cli": {
    "version": ">= 3.0.0",
    "appVersionSource": "remote",
    "requireCommit": true
  },
  "build": {
    "development": {
      "developmentClient": true,
      "distribution": "internal",
      "channel": "development"
    },
    "preview": {
      "distribution": "internal",
      "channel": "preview"
    },
    "production": {
      "android": {
        "buildType": "app-bundle"
      },
      "autoIncrement": true,
      "channel": "production"
    }
  },
  "submit": {
    "production": {}
  }
}
